{"models/lead_model_xgboost.json": {"0.0": {"precision": 0.8467677573822825, "recall": 0.7995478522984175, "f1-score": 0.8224806201550388, "support": 1327.0}, "1.0": {"precision": 0.7860016090104586, "recall": 0.8357570573139436, "f1-score": 0.8101160862354893, "support": 1169.0}, "accuracy": 0.8165064102564102, "macro avg": {"precision": 0.8163846831963706, "recall": 0.8176524548061805, "f1-score": 0.816298353195264, "support": 2496.0}, "weighted avg": {"precision": 0.818307970744998, "recall": 0.8165064102564102, "f1-score": 0.816689698619801, "support": 2496.0}}, "models/lead_model_lr.pkl": {"0.0": {"precision": 0.7573529411764706, "recall": 0.8765957446808511, "f1-score": 0.8126232741617357, "support": 235.0}, "1.0": {"precision": 0.8284023668639053, "recall": 0.6796116504854369, "f1-score": 0.7466666666666667, "support": 206.0}, "accuracy": 0.7845804988662132, "macro avg": {"precision": 0.792877654020188, "recall": 0.778103697583144, "f1-score": 0.7796449704142012, "support": 441.0}, "weighted avg": {"precision": 0.7905415617923699, "recall": 0.7845804988662132, "f1-score": 0.7818136117037215, "support": 441.0}}}