{"/Users/peter/ITU/itu-sdse-project/models/lead_model_xgboost.json": {"0.0": {"precision": 0.8306757782839788, "recall": 0.8244159758854559, "f1-score": 0.8275340393343419, "support": 1327.0}, "1.0": {"precision": 0.8023748939779474, "recall": 0.8092386655260907, "f1-score": 0.8057921635434412, "support": 1169.0}, "accuracy": 0.8173076923076923, "macro avg": {"precision": 0.816525336130963, "recall": 0.8168273207057732, "f1-score": 0.8166631014388915, "support": 2496.0}, "weighted avg": {"precision": 0.8174210772608415, "recall": 0.8173076923076923, "f1-score": 0.8173512457447735, "support": 2496.0}}, "/Users/peter/ITU/itu-sdse-project/models/lead_model_lr.pkl": {"0.0": {"precision": 0.7573529411764706, "recall": 0.8765957446808511, "f1-score": 0.8126232741617357, "support": 235.0}, "1.0": {"precision": 0.8284023668639053, "recall": 0.6796116504854369, "f1-score": 0.7466666666666667, "support": 206.0}, "accuracy": 0.7845804988662132, "macro avg": {"precision": 0.792877654020188, "recall": 0.778103697583144, "f1-score": 0.7796449704142012, "support": 441.0}, "weighted avg": {"precision": 0.7905415617923699, "recall": 0.7845804988662132, "f1-score": 0.7818136117037215, "support": 441.0}}}